X,AUC35_Cl,CL,DR1_45min,DR1_scan2,De,R1_45min,R1_scan2,RE_R1l,RE_Sl,Te,kbh,khe,ve
Age,0.3452499354758557,0.48603436906729575,0.4249807604020959,0.3724478315270584,0.5657475019690745,0.4284236856444172,0.3780040351093979,0.37725928996906577,0.3230509434533024,0.929727562951804,0.046786480541705804,0.10628330974355071,0.9506172783469707
BMI,0.5168356447828799,0.17067567353581453,0.5946647825280349,0.5487777811119515,0.29141224498377993,0.6079396583232696,0.5726480976812283,0.5108428664093955,0.4554508834225301,0.5580164393699807,0.21133211747450664,0.09381191005883716,0.8089688176053982
Crea,0.03370338417153966,0.966135236317237,0.08365702954495548,0.0599408914214525,0.4526055823822511,0.1048893629889997,0.09386544209909642,0.033024483033865695,0.01765435349163565,0.7727333662482048,0.3042188828798734,0.5915512900024266,0.9949609170184324
Height,0.32334585434478536,0.20109418045503713,0.4607703021037092,0.5012201865799468,0.5765856021875719,0.4787698361910812,0.5339510370928283,0.2937266608498729,0.20868199952698363,0.6117557524483073,0.08623039521449721,0.9462037224836587,0.9171376051557918
Sex,0.9220879316400137,0.3658135444232152,0.7043892708834263,0.7550781240541683,0.41660121745195333,0.6586873031934625,0.6666968553218696,0.9757990989466122,0.8393657498866862,0.6275780240806791,0.49386694627549704,0.8075504117257485,0.6276562998039945
Urea,0.1347331889622087,0.33592315312819576,0.16554446307624596,0.10851214322883167,0.8990537762237798,0.19446956404994004,0.15259659732085123,0.14685673332376475,0.1576396904125904,0.9797226793960412,0.7775978638310272,0.9152112844927409,0.9989659558114984
Weight,0.9668993172769142,0.4356456479870343,0.8898763869948205,0.806881945408835,0.426127559796465,0.8809319396716508,0.7916460740265668,0.9954152971559166,0.9269062358974418,0.8220038921570971,0.8157381022947278,0.00382067303373053,0.7737631980708892
